Workbook

Sheet Данные
A1: ФИО менеджера | B1: ФИО клиента | C1: Дата сделки | D1: Сумма сделки | E1: NPS
A2: Фролов Сергей Викторович | B2: Новикова Вероника Егоровна | C2: 2023-09-01 | D2: 60292 | E2: 4
A3: Орлов Павел Денисович | B3: Егоров Константин Дмитриевич | C3: 2023-09-01 | D3: 70490 | E3: 7
A4: Ткаченко Андрей Олегович | B4: Павлова Валерия Дмитриевна | C4: 2023-09-01 | D4: 56255 | E4: 8
A5: Петров Владимир Кириллович | B5: Попова Наталья Артемовна | C5: 2023-09-01 | D5: 79752 | E5: 9
A6: Семенова Ирина Валерьевна | B6: Васильев Георгий Кириллович | C6: 2023-09-04 | D6: 98947 | E6: 4
A7: Громова Мария Ильинична | B7: Егоров Дмитрий Павлович | C7: 2023-09-04 | D7: 27615 | E7: 3
A8: Новикова Ольга Петровна | B8: Смирнов Иван Александрович | C8: 2023-09-04 | D8: 55619 | E8: 9
A9: Белов Алексей Константинович | B9: Смирнова Наталья Владимировна | C9: 2023-09-04 | D9: 79128 | E9: 0
A10: Белов Алексей Константинович | B10: Алексеева Юлия Юрьевна | C10: 2023-09-04 | D10: 61819 | E10: 8
A11: Орлов Павел Денисович | B11: Смирнов Егор Алексеевич | C11: 2023-09-04 | D11: 83505 | E11: 10
A12: Фролов Сергей Викторович | B12: Морозова Дарья Викторовна | C12: 2023-09-04 | D12: 81509 | E12: 6
A13: Ткаченко Андрей Олегович | B13: Николаев Георгий Алексеевич | C13: 2023-09-05 | D13: 68137 | E13: 9
... A1001: Новикова Ольга Петровна | B1001: Николаева Мария Сергеевна | C1001: 2024-09-02 | D1001: 58957 | E1001: 1

Sheet ABC Менеджеры
A1: ABC-анализ менеджеров
A2: Менеджеры по алфавиту; суммы, количество сделок, NPS и ABC-категории рассчитываются формулами по листу «Данные».
A4: № | B4: ФИО менеджера | C4: Сумма сделок | D4: Количество сделок | E4: ABC по сумме | F4: ABC по количеству | G4: Средний NPS | J4: Ранг | K4: Менеджер | L4: Сумма | M4: Накопительная сумма | N4: Накопительная доля | P4: Ранг | Q4: Менеджер | R4: Количество | S4: Накопительное количество | T4: Накопительная доля
A5: 1 | B5: Белов Алексей Константинович | C5: =SUMIFS(Данные!$D$2:$D$1001,Данные!$A$2:$A$1001,$B5) -> 4097599 | D5: =COUNTIFS(Данные!$A$2:$A$1001,$B5) -> 77 | E5: =IF(INDEX($N$5:$N$16,MATCH($B5,$K$5:$K$16,0))<=80%,"A",IF(INDEX($N$5:$N$16,MATCH($B5,$K$5:$K$16,0))<=95%,"B","C")) -> B | F5: =IF(INDEX($T$5:$T$16,MATCH($B5,$Q$5:$Q$16,0))<=80%,"A",IF(INDEX($T$5:$T$16,MATCH($B5,$Q$5:$Q$16,0))<=95%,"B","C")) -> B | G5: =IFERROR(AVERAGEIFS(Данные!$E$2:$E$1001,Данные!$A$2:$A$1001,$B5),"") -> 6.4025974 | J5: 1 | K5: =INDEX($B$5:$B$16,MATCH(LARGE($C$5:$C$16,J5),$C$5:$C$16,0)) -> Фролов Сергей Викторович | L5: =LARGE($C$5:$C$16,J5) -> 5935073 | M5: =SUM($L$5:L5) -> 5935073 | N5: =M5/SUM($L$5:$L$16) -> 0.10648503 | P5: 1 | Q5: =INDEX($B$5:$B$16,MATCH(LARGE($D$5:$D$16,P5),$D$5:$D$16,0)) -> Фролов Сергей Викторович | R5: =LARGE($D$5:$D$16,P5) -> 103 | S5: =SUM($R$5:R5) -> 103 | T5: =S5/SUM($R$5:$R$16) -> 0.103
A6: 2 | B6: Громова Мария Ильинична | C6: =SUMIFS(Данные!$D$2:$D$1001,Данные!$A$2:$A$1001,$B6) -> 4170460 | D6: =COUNTIFS(Данные!$A$2:$A$1001,$B6) -> 75 | E6: =IF(INDEX($N$5:$N$16,MATCH($B6,$K$5:$K$16,0))<=80%,"A",IF(INDEX($N$5:$N$16,MATCH($B6,$K$5:$K$16,0))<=95%,"B","C")) -> B | F6: =IF(INDEX($T$5:$T$16,MATCH($B6,$Q$5:$Q$16,0))<=80%,"A",IF(INDEX($T$5:$T$16,MATCH($B6,$Q$5:$Q$16,0))<=95%,"B","C")) -> B | G6: =IFERROR(AVERAGEIFS(Данные!$E$2:$E$1001,Данные!$A$2:$A$1001,$B6),"") -> 5.8133333 | J6: 2 | K6: =INDEX($B$5:$B$16,MATCH(LARGE($C$5:$C$16,J6),$C$5:$C$16,0)) -> Петров Владимир Кириллович | L6: =LARGE($C$5:$C$16,J6) -> 5495417 | M6: =SUM($L$5:L6) -> 11430490 | N6: =M6/SUM($L$5:$L$16) -> 0.20508191 | P6: 2 | Q6: =INDEX($B$5:$B$16,MATCH(LARGE($D$5:$D$16,P6),$D$5:$D$16,0)) -> Петров Владимир Кириллович | R6: =LARGE($D$5:$D$16,P6) -> 98 | S6: =SUM($R$5:R6) -> 201 | T6: =S6/SUM($R$5:$R$16) -> 0.201
A7: 3 | B7: Иванова Анна Сергеевна | C7: =SUMIFS(Данные!$D$2:$D$1001,Данные!$A$2:$A$1001,$B7) -> 4664146 | D7: =COUNTIFS(Данные!$A$2:$A$1001,$B7) -> 84 | E7: =IF(INDEX($N$5:$N$16,MATCH($B7,$K$5:$K$16,0))<=80%,"A",IF(INDEX($N$5:$N$16,MATCH($B7,$K$5:$K$16,0))<=95%,"B","C")) -> A | F7: =IF(INDEX($T$5:$T$16,MATCH($B7,$Q$5:$Q$16,0))<=80%,"A",IF(INDEX($T$5:$T$16,MATCH($B7,$Q$5:$Q$16,0))<=95%,"B","C")) -> A | G7: =IFERROR(AVERAGEIFS(Данные!$E$2:$E$1001,Данные!$A$2:$A$1001,$B7),"") -> 6.0714286 | J7: 3 | K7: =INDEX($B$5:$B$16,MATCH(LARGE($C$5:$C$16,J7),$C$5:$C$16,0)) -> Яковлев Артем Игоревич | L7: =LARGE($C$5:$C$16,J7) -> 5059050 | M7: =SUM($L$5:L7) -> 16489540 | N7: =M7/SUM($L$5:$L$16) -> 0.29584964 | P7: 3 | Q7: =INDEX($B$5:$B$16,MATCH(LARGE($D$5:$D$16,P7),$D$5:$D$16,0)) -> Яковлев Артем Игоревич | R7: =LARGE($D$5:$D$16,P7) -> 93 | S7: =SUM($R$5:R7) -> 294 | T7: =S7/SUM($R$5:$R$16) -> 0.294
A8: 4 | B8: Кузнецов Дмитрий Львович | C8: =SUMIFS(Данные!$D$2:$D$1001,Данные!$A$2:$A$1001,$B8) -> 4828036 | D8: =COUNTIFS(Данные!$A$2:$A$1001,$B8) -> 81 | E8: =IF(INDEX($N$5:$N$16,MATCH($B8,$K$5:$K$16,0))<=80%,"A",IF(INDEX($N$5:$N$16,MATCH($B8,$K$5:$K$16,0))<=95%,"B","C")) -> A | F8: =IF(INDEX($T$5:$T$16,MATCH($B8,$Q$5:$Q$16,0))<=80%,"A",IF(INDEX($T$5:$T$16,MATCH($B8,$Q$5:$Q$16,0))<=95%,"B","C")) -> A | G8: =IFERROR(AVERAGEIFS(Данные!$E$2:$E$1001,Данные!$A$2:$A$1001,$B8),"") -> 5.8888889 | J8: 4 | K8: =INDEX($B$5:$B$16,MATCH(LARGE($C$5:$C$16,J8),$C$5:$C$16,0)) -> Семенова Ирина Валерьевна | L8: =LARGE($C$5:$C$16,J8) -> 4864462 | M8: =SUM($L$5:L8) -> 21354002 | N8: =M8/SUM($L$5:$L$16) -> 0.38312615 | P8: 4 | Q8: =INDEX($B$5:$B$16,MATCH(LARGE($D$5:$D$16,P8),$D$5:$D$16,0)) -> Семенова Ирина Валерьевна | R8: =LARGE($D$5:$D$16,P8) -> 90 | S8: =SUM($R$5:R8) -> 384 | T8: =S8/SUM($R$5:$R$16) -> 0.384
A9: 5 | B9: Новикова Ольга Петровна | C9: =SUMIFS(Данные!$D$2:$D$1001,Данные!$A$2:$A$1001,$B9) -> 4464128 | D9: =COUNTIFS(Данные!$A$2:$A$1001,$B9) -> 78 | E9: =IF(INDEX($N$5:$N$16,MATCH($B9,$K$5:$K$16,0))<=80%,"A",IF(INDEX($N$5:$N$16,MATCH($B9,$K$5:$K$16,0))<=95%,"B","C")) -> A | F9: =IF(INDEX($T$5:$T$16,MATCH($B9,$Q$5:$Q$16,0))<=80%,"A",IF(INDEX($T$5:$T$16,MATCH($B9,$Q$5:$Q$16,0))<=95%,"B","C")) -> A | G9: =IFERROR(AVERAGEIFS(Данные!$E$2:$E$1001,Данные!$A$2:$A$1001,$B9),"") -> 6.4102564 | J9: 5 | K9: =INDEX($B$5:$B$16,MATCH(LARGE($C$5:$C$16,J9),$C$5:$C$16,0)) -> Ткаченко Андрей Олегович | L9: =LARGE($C$5:$C$16,J9) -> 4842247 | M9: =SUM($L$5:L9) -> 26196249 | N9: =M9/SUM($L$5:$L$16) -> 0.47000407 | P9: 5 | Q9: =INDEX($B$5:$B$16,MATCH(LARGE($D$5:$D$16,P9),$D$5:$D$16,0)) -> Ткаченко Андрей Олегович | R9: =LARGE($D$5:$D$16,P9) -> 87 | S9: =SUM($R$5:R9) -> 471 | T9: =S9/SUM($R$5:$R$16) -> 0.471
A10: 6 | B10: Орлов Павел Денисович | C10: =SUMIFS(Данные!$D$2:$D$1001,Данные!$A$2:$A$1001,$B10) -> 4346131 | D10: =COUNTIFS(Данные!$A$2:$A$1001,$B10) -> 80 | E10: =IF(INDEX($N$5:$N$16,MATCH($B10,$K$5:$K$16,0))<=80%,"A",IF(INDEX($N$5:$N$16,MATCH($B10,$K$5:$K$16,0))<=95%,"B","C")) -> A | F10: =IF(INDEX($T$5:$T$16,MATCH($B10,$Q$5:$Q$16,0))<=80%,"A",IF(INDEX($T$5:$T$16,MATCH($B10,$Q$5:$Q$16,0))<=95%,"B","C")) -> A | G10: =IFERROR(AVERAGEIFS(Данные!$E$2:$E$1001,Данные!$A$2:$A$1001,$B10),"") -> 6.05 | J10: 6 | K10: =INDEX($B$5:$B$16,MATCH(LARGE($C$5:$C$16,J10),$C$5:$C$16,0)) -> Кузнецов Дмитрий Львович | L10: =LARGE($C$5:$C$16,J10) -> 4828036 | M10: =SUM($L$5:L10) -> 31024285 | N10: =M10/SUM($L$5:$L$16) -> 0.55662703 | P10: 6 | Q10: =INDEX($B$5:$B$16,MATCH(LARGE($D$5:$D$16,P10),$D$5:$D$16,0)) -> Иванова Анна Сергеевна | R10: =LARGE($D$5:$D$16,P10) -> 84 | S10: =SUM($R$5:R10) -> 555 | T10: =S10/SUM($R$5:$R$16) -> 0.555
A11: 7 | B11: Петров Владимир Кириллович | C11: =SUMIFS(Данные!$D$2:$D$1001,Данные!$A$2:$A$1001,$B11) -> 5495417 | D11: =COUNTIFS(Данные!$A$2:$A$1001,$B11) -> 98 | E11: =IF(INDEX($N$5:$N$16,MATCH($B11,$K$5:$K$16,0))<=80%,"A",IF(INDEX($N$5:$N$16,MATCH($B11,$K$5:$K$16,0))<=95%,"B","C")) -> A | F11: =IF(INDEX($T$5:$T$16,MATCH($B11,$Q$5:$Q$16,0))<=80%,"A",IF(INDEX($T$5:$T$16,MATCH($B11,$Q$5:$Q$16,0))<=95%,"B","C")) -> A | G11: =IFERROR(AVERAGEIFS(Данные!$E$2:$E$1001,Данные!$A$2:$A$1001,$B11),"") -> 6.4183673 | J11: 7 | K11: =INDEX($B$5:$B$16,MATCH(LARGE($C$5:$C$16,J11),$C$5:$C$16,0)) -> Иванова Анна Сергеевна | L11: =LARGE($C$5:$C$16,J11) -> 4664146 | M11: =SUM($L$5:L11) -> 35688431 | N11: =M11/SUM($L$5:$L$16) -> 0.64030953 | P11: 7 | Q11: =INDEX($B$5:$B$16,MATCH(LARGE($D$5:$D$16,P11),$D$5:$D$16,0)) -> Кузнецов Дмитрий Львович | R11: =LARGE($D$5:$D$16,P11) -> 81 | S11: =SUM($R$5:R11) -> 636 | T11: =S11/SUM($R$5:$R$16) -> 0.636
A12: 8 | B12: Семенова Ирина Валерьевна | C12: =SUMIFS(Данные!$D$2:$D$1001,Данные!$A$2:$A$1001,$B12) -> 4864462 | D12: =COUNTIFS(Данные!$A$2:$A$1001,$B12) -> 90 | E12: =IF(INDEX($N$5:$N$16,MATCH($B12,$K$5:$K$16,0))<=80%,"A",IF(INDEX($N$5:$N$16,MATCH($B12,$K$5:$K$16,0))<=95%,"B","C")) -> A | F12: =IF(INDEX($T$5:$T$16,MATCH($B12,$Q$5:$Q$16,0))<=80%,"A",IF(INDEX($T$5:$T$16,MATCH($B12,$Q$5:$Q$16,0))<=95%,"B","C")) -> A | G12: =IFERROR(AVERAGEIFS(Данные!$E$2:$E$1001,Данные!$A$2:$A$1001,$B12),"") -> 5.6777778 | J12: 8 | K12: =INDEX($B$5:$B$16,MATCH(LARGE($C$5:$C$16,J12),$C$5:$C$16,0)) -> Новикова Ольга Петровна | L12: =LARGE($C$5:$C$16,J12) -> 4464128 | M12: =SUM($L$5:L12) -> 40152559 | N12: =M12/SUM($L$5:$L$16) -> 0.72040338 | P12: 8 | Q12: =INDEX($B$5:$B$16,MATCH(LARGE($D$5:$D$16,P12),$D$5:$D$16,0)) -> Орлов Павел Денисович | R12: =LARGE($D$5:$D$16,P12) -> 80 | S12: =SUM($R$5:R12) -> 716 | T12: =S12/SUM($R$5:$R$16) -> 0.716
A13: 9 | B13: Сидорова Елена Васильевна | C13: =SUMIFS(Данные!$D$2:$D$1001,Данные!$A$2:$A$1001,$B13) -> 2969468 | D13: =COUNTIFS(Данные!$A$2:$A$1001,$B13) -> 54 | E13: =IF(INDEX($N$5:$N$16,MATCH($B13,$K$5:$K$16,0))<=80%,"A",IF(INDEX($N$5:$N$16,MATCH($B13,$K$5:$K$16,0))<=95%,"B","C")) -> C | F13: =IF(INDEX($T$5:$T$16,MATCH($B13,$Q$5:$Q$16,0))<=80%,"A",IF(INDEX($T$5:$T$16,MATCH($B13,$Q$5:$Q$16,0))<=95%,"B","C")) -> C | G13: =IFERROR(AVERAGEIFS(Данные!$E$2:$E$1001,Данные!$A$2:$A$1001,$B13),"") -> 6.3333333 | J13: 9 | K13: =INDEX($B$5:$B$16,MATCH(LARGE($C$5:$C$16,J13),$C$5:$C$16,0)) -> Орлов Павел Денисович | L13: =LARGE($C$5:$C$16,J13) -> 4346131 | M13: =SUM($L$5:L13) -> 44498690 | N13: =M13/SUM($L$5:$L$16) -> 0.79838016 | P13: 9 | Q13: =INDEX($B$5:$B$16,MATCH(LARGE($D$5:$D$16,P13),$D$5:$D$16,0)) -> Новикова Ольга Петровна | R13: =LARGE($D$5:$D$16,P13) -> 78 | S13: =SUM($R$5:R13) -> 794 | T13: =S13/SUM($R$5:$R$16) -> 0.794
A14: 10 | B14: Ткаченко Андрей Олегович | C14: =SUMIFS(Данные!$D$2:$D$1001,Данные!$A$2:$A$1001,$B14) -> 4842247 | D14: =COUNTIFS(Данные!$A$2:$A$1001,$B14) -> 87 | E14: =IF(INDEX($N$5:$N$16,MATCH($B14,$K$5:$K$16,0))<=80%,"A",IF(INDEX($N$5:$N$16,MATCH($B14,$K$5:$K$16,0))<=95%,"B","C")) -> A | F14: =IF(INDEX($T$5:$T$16,MATCH($B14,$Q$5:$Q$16,0))<=80%,"A",IF(INDEX($T$5:$T$16,MATCH($B14,$Q$5:$Q$16,0))<=95%,"B","C")) -> A | G14: =IFERROR(AVERAGEIFS(Данные!$E$2:$E$1001,Данные!$A$2:$A$1001,$B14),"") -> 5.7816092 | J14: 10 | K14: =INDEX($B$5:$B$16,MATCH(LARGE($C$5:$C$16,J14),$C$5:$C$16,0)) -> Громова Мария Ильинична | L14: =LARGE($C$5:$C$16,J14) -> 4170460 | M14: =SUM($L$5:L14) -> 48669150 | N14: =M14/SUM($L$5:$L$16) -> 0.87320512 | P14: 10 | Q14: =INDEX($B$5:$B$16,MATCH(LARGE($D$5:$D$16,P14),$D$5:$D$16,0)) -> Белов Алексей Константинович | R14: =LARGE($D$5:$D$16,P14) -> 77 | S14: =SUM($R$5:R14) -> 871 | T14: =S14/SUM($R$5:$R$16) -> 0.871
A15: 11 | B15: Фролов Сергей Викторович | C15: =SUMIFS(Данные!$D$2:$D$1001,Данные!$A$2:$A$1001,$B15) -> 5935073 | D15: =COUNTIFS(Данные!$A$2:$A$1001,$B15) -> 103 | E15: =IF(INDEX($N$5:$N$16,MATCH($B15,$K$5:$K$16,0))<=80%,"A",IF(INDEX($N$5:$N$16,MATCH($B15,$K$5:$K$16,0))<=95%,"B","C")) -> A | F15: =IF(INDEX($T$5:$T$16,MATCH($B15,$Q$5:$Q$16,0))<=80%,"A",IF(INDEX($T$5:$T$16,MATCH($B15,$Q$5:$Q$16,0))<=95%,"B","C")) -> A | G15: =IFERROR(AVERAGEIFS(Данные!$E$2:$E$1001,Данные!$A$2:$A$1001,$B15),"") -> 6.2815534 | J15: 11 | K15: =INDEX($B$5:$B$16,MATCH(LARGE($C$5:$C$16,J15),$C$5:$C$16,0)) -> Белов Алексей Константинович | L15: =LARGE($C$5:$C$16,J15) -> 4097599 | M15: =SUM($L$5:L15) -> 52766749 | N15: =M15/SUM($L$5:$L$16) -> 0.94672283 | P15: 11 | Q15: =INDEX($B$5:$B$16,MATCH(LARGE($D$5:$D$16,P15),$D$5:$D$16,0)) -> Громова Мария Ильинична | R15: =LARGE($D$5:$D$16,P15) -> 75 | S15: =SUM($R$5:R15) -> 946 | T15: =S15/SUM($R$5:$R$16) -> 0.946
A16: 12 | B16: Яковлев Артем Игоревич | C16: =SUMIFS(Данные!$D$2:$D$1001,Данные!$A$2:$A$1001,$B16) -> 5059050 | D16: =COUNTIFS(Данные!$A$2:$A$1001,$B16) -> 93 | E16: =IF(INDEX($N$5:$N$16,MATCH($B16,$K$5:$K$16,0))<=80%,"A",IF(INDEX($N$5:$N$16,MATCH($B16,$K$5:$K$16,0))<=95%,"B","C")) -> A | F16: =IF(INDEX($T$5:$T$16,MATCH($B16,$Q$5:$Q$16,0))<=80%,"A",IF(INDEX($T$5:$T$16,MATCH($B16,$Q$5:$Q$16,0))<=95%,"B","C")) -> A | G16: =IFERROR(AVERAGEIFS(Данные!$E$2:$E$1001,Данные!$A$2:$A$1001,$B16),"") -> 6.2795699 | J16: 12 | K16: =INDEX($B$5:$B$16,MATCH(LARGE($C$5:$C$16,J16),$C$5:$C$16,0)) -> Сидорова Елена Васильевна | L16: =LARGE($C$5:$C$16,J16) -> 2969468 | M16: =SUM($L$5:L16) -> 55736217 | N16: =M16/SUM($L$5:$L$16) -> 1 | P16: 12 | Q16: =INDEX($B$5:$B$16,MATCH(LARGE($D$5:$D$16,P16),$D$5:$D$16,0)) -> Сидорова Елена Васильевна | R16: =LARGE($D$5:$D$16,P16) -> 54 | S16: =SUM($R$5:R16) -> 1000 | T16: =S16/SUM($R$5:$R$16) -> 1

Sheet ABC_XYZ Клиенты
A1: ФИО Клиента (все клиенты) | B1: 2023-9 | C1: 2023-10 | D1: 2023-11 | E1: 2023-12 | F1: 2024-1 | G1: 2024-2 | H1: 2024-3 | I1: 2024-4 | J1: 2024-5 | K1: 2024-6 | L1: 2024-7 | M1: 2024-8 | N1: 2024-9 | O1: ABC | P1: XYZ
A2: Попов Дмитрий Андреевич | B2: 26697 | C2: 0 | D2: 0 | E2: 171009 | F2: 96595 | G2: 171724 | H2: 0 | I2: 34347 | J2: 56249 | K2: 54293 | L2: 0 | M2: 52878 | N2: 0 | O2: A | P2: Z
A3: Сидорова Людмила Никитична | B3: 83636 | C3: 0 | D3: 183102 | E3: 249693 | F3: 0 | G3: 48195 | H3: 94917 | I3: 0 | J3: 0 | K3: 93987 | L3: 168757 | M3: 0 | N3: 0 | O3: A | P3: Z
A4: Семенова Александра Дмитриевна | B4: 96960 | C4: 0 | D4: 0 | E4: 26999 | F4: 0 | G4: 88875 | H4: 178694 | I4: 0 | J4: 148632 | K4: 0 | L4: 155674 | M4: 0 | N4: 0 | O4: A | P4: Z
A5: Лебедев Матвей Юрьевич | B5: 88337 | C5: 0 | D5: 96212 | E5: 25924 | F5: 94192 | G5: 65974 | H5: 0 | I5: 79115 | J5: 223514 | K5: 0 | L5: 0 | M5: 62832 | N5: 0 | O5: A | P5: Z
A6: Сидорова Ирина Александровна | B6: 0 | C6: 24392 | D6: 71543 | E6: 0 | F6: 91273 | G6: 0 | H6: 55827 | I6: 173832 | J6: 70768 | K6: 0 | L6: 108995 | M6: 69134 | N6: 0 | O6: A | P6: Y
A7: Васильева Анна Станиславовна | B7: 0 | C7: 65031 | D7: 0 | E7: 77692 | F7: 196223 | G7: 0 | H7: 0 | I7: 73261 | J7: 43042 | K7: 119410 | L7: 41565 | M7: 56513 | N7: 0 | O7: A | P7: Y
A8: Сидоров Сергей Никитич | B8: 0 | C8: 92917 | D8: 0 | E8: 0 | F8: 27017 | G8: 0 | H8: 42111 | I8: 0 | J8: 131929 | K8: 0 | L8: 266547 | M8: 94760 | N8: 0 | O8: A | P8: Z
A9: Сидорова Екатерина Михайловна | B9: 177824 | C9: 0 | D9: 49923 | E9: 0 | F9: 65473 | G9: 0 | H9: 0 | I9: 49310 | J9: 209213 | K9: 0 | L9: 84698 | M9: 0 | N9: 0 | O9: B | P9: Z
A10: Николаева Наталья Дмитриевна | B10: 143338 | C10: 37942 | D10: 0 | E10: 54817 | F10: 50393 | G10: 81143 | H10: 0 | I10: 154545 | J10: 0 | K10: 24884 | L10: 25110 | M10: 0 | N10: 0 | O10: B | P10: Z
A11: Петров Константин Алексеевич | B11: 94347 | C11: 42357 | D11: 157912 | E11: 0 | F11: 120569 | G11: 0 | H11: 99485 | I11: 0 | J11: 0 | K11: 13707 | L11: 0 | M11: 0 | N11: 0 | O11: B | P11: X
A12: Семенов Роман Павлович | B12: 55023 | C12: 70341 | D12: 0 | E12: 0 | F12: 199705 | G12: 0 | H12: 67883 | I12: 0 | J12: 0 | K12: 0 | L12: 41003 | M12: 89579 | N12: 0 | O12: B | P12: Z
R14: Сводная таблица
R15: количество клиентов каждой категории
S16: X | T16: Y | U16: Z
R17: A
R18: B
R19: C
R21: Сумма сделок в каждой категории
S22: X | T22: Y | U22: Z
R23: A
R24: B
R25: C
